{"cameraMode":{"drawMode":0,"name":"Shaded","section":"Shading Mode"},"sceneLighting":true,"audioPlay":false,"sceneViewState":{"m_AlwaysRefresh":false,"showFog":true,"showSkybox":true,"showFlares":true,"showImageEffects":true,"showParticleSystems":true,"showVisualEffectGraphs":true,"m_FxEnabled":true},"in2DMode":false,"pivot":{"x":-2.225263833999634,"y":6.187961578369141,"z":0.04942965507507324},"rotation":{"x":-0.16465424001216889,"y":0.8332269191741943,"z":-0.40435588359832766,"w":-0.3392912447452545},"size":0.8660253882408142,"orthographic":false}