{"cameraMode":{"drawMode":0,"name":"Shaded","section":"Shading Mode"},"sceneLighting":true,"audioPlay":false,"sceneViewState":{"m_AlwaysRefresh":false,"showFog":true,"showSkybox":true,"showFlares":true,"showImageEffects":true,"showParticleSystems":true,"showVisualEffectGraphs":true,"m_FxEnabled":true},"in2DMode":false,"pivot":{"x":-5.300000190734863,"y":0.6000000238418579,"z":-3.0999999046325685},"rotation":{"x":-0.16465424001216889,"y":0.8332269191741943,"z":-0.40435588359832766,"w":-0.3392912447452545},"size":3.5566210746765138,"orthographic":false}